{
  "": {
    "swift-dependencies": "/Users/Paola/Documents/cours/IG3/semestre1/projetAlgo/Specif/progTest/.build/x86_64-apple-macosx10.10/debug/jeu.build/master.swiftdeps"
  },
  "/Users/Paola/Documents/cours/IG3/semestre1/projetAlgo/Specif/jeu/Sources/jeu/carte.swift": {
    "dependencies": "/Users/Paola/Documents/cours/IG3/semestre1/projetAlgo/Specif/progTest/.build/x86_64-apple-macosx10.10/debug/jeu.build/carte.d",
    "object": "/Users/Paola/Documents/cours/IG3/semestre1/projetAlgo/Specif/progTest/.build/x86_64-apple-macosx10.10/debug/jeu.build/carte.swift.o",
    "swiftmodule": "/Users/Paola/Documents/cours/IG3/semestre1/projetAlgo/Specif/progTest/.build/x86_64-apple-macosx10.10/debug/jeu.build/carte~partial.swiftmodule",
    "swift-dependencies": "/Users/Paola/Documents/cours/IG3/semestre1/projetAlgo/Specif/progTest/.build/x86_64-apple-macosx10.10/debug/jeu.build/carte.swiftdeps"
  },
  "/Users/Paola/Documents/cours/IG3/semestre1/projetAlgo/Specif/jeu/Sources/jeu/champBataille.swift": {
    "dependencies": "/Users/Paola/Documents/cours/IG3/semestre1/projetAlgo/Specif/progTest/.build/x86_64-apple-macosx10.10/debug/jeu.build/champBataille.d",
    "object": "/Users/Paola/Documents/cours/IG3/semestre1/projetAlgo/Specif/progTest/.build/x86_64-apple-macosx10.10/debug/jeu.build/champBataille.swift.o",
    "swiftmodule": "/Users/Paola/Documents/cours/IG3/semestre1/projetAlgo/Specif/progTest/.build/x86_64-apple-macosx10.10/debug/jeu.build/champBataille~partial.swiftmodule",
    "swift-dependencies": "/Users/Paola/Documents/cours/IG3/semestre1/projetAlgo/Specif/progTest/.build/x86_64-apple-macosx10.10/debug/jeu.build/champBataille.swiftdeps"
  },
  "/Users/Paola/Documents/cours/IG3/semestre1/projetAlgo/Specif/jeu/Sources/jeu/joueur.swift": {
    "dependencies": "/Users/Paola/Documents/cours/IG3/semestre1/projetAlgo/Specif/progTest/.build/x86_64-apple-macosx10.10/debug/jeu.build/joueur.d",
    "object": "/Users/Paola/Documents/cours/IG3/semestre1/projetAlgo/Specif/progTest/.build/x86_64-apple-macosx10.10/debug/jeu.build/joueur.swift.o",
    "swiftmodule": "/Users/Paola/Documents/cours/IG3/semestre1/projetAlgo/Specif/progTest/.build/x86_64-apple-macosx10.10/debug/jeu.build/joueur~partial.swiftmodule",
    "swift-dependencies": "/Users/Paola/Documents/cours/IG3/semestre1/projetAlgo/Specif/progTest/.build/x86_64-apple-macosx10.10/debug/jeu.build/joueur.swiftdeps"
  },
  "/Users/Paola/Documents/cours/IG3/semestre1/projetAlgo/Specif/jeu/Sources/jeu/main.swift": {
    "dependencies": "/Users/Paola/Documents/cours/IG3/semestre1/projetAlgo/Specif/progTest/.build/x86_64-apple-macosx10.10/debug/jeu.build/main.d",
    "object": "/Users/Paola/Documents/cours/IG3/semestre1/projetAlgo/Specif/progTest/.build/x86_64-apple-macosx10.10/debug/jeu.build/main.swift.o",
    "swiftmodule": "/Users/Paola/Documents/cours/IG3/semestre1/projetAlgo/Specif/progTest/.build/x86_64-apple-macosx10.10/debug/jeu.build/main~partial.swiftmodule",
    "swift-dependencies": "/Users/Paola/Documents/cours/IG3/semestre1/projetAlgo/Specif/progTest/.build/x86_64-apple-macosx10.10/debug/jeu.build/main.swiftdeps"
  },
  "/Users/Paola/Documents/cours/IG3/semestre1/projetAlgo/Specif/jeu/Sources/jeu/pioche.swift": {
    "dependencies": "/Users/Paola/Documents/cours/IG3/semestre1/projetAlgo/Specif/progTest/.build/x86_64-apple-macosx10.10/debug/jeu.build/pioche.d",
    "object": "/Users/Paola/Documents/cours/IG3/semestre1/projetAlgo/Specif/progTest/.build/x86_64-apple-macosx10.10/debug/jeu.build/pioche.swift.o",
    "swiftmodule": "/Users/Paola/Documents/cours/IG3/semestre1/projetAlgo/Specif/progTest/.build/x86_64-apple-macosx10.10/debug/jeu.build/pioche~partial.swiftmodule",
    "swift-dependencies": "/Users/Paola/Documents/cours/IG3/semestre1/projetAlgo/Specif/progTest/.build/x86_64-apple-macosx10.10/debug/jeu.build/pioche.swiftdeps"
  },
  "/Users/Paola/Documents/cours/IG3/semestre1/projetAlgo/Specif/jeu/Sources/jeu/royaume.swift": {
    "dependencies": "/Users/Paola/Documents/cours/IG3/semestre1/projetAlgo/Specif/progTest/.build/x86_64-apple-macosx10.10/debug/jeu.build/royaume.d",
    "object": "/Users/Paola/Documents/cours/IG3/semestre1/projetAlgo/Specif/progTest/.build/x86_64-apple-macosx10.10/debug/jeu.build/royaume.swift.o",
    "swiftmodule": "/Users/Paola/Documents/cours/IG3/semestre1/projetAlgo/Specif/progTest/.build/x86_64-apple-macosx10.10/debug/jeu.build/royaume~partial.swiftmodule",
    "swift-dependencies": "/Users/Paola/Documents/cours/IG3/semestre1/projetAlgo/Specif/progTest/.build/x86_64-apple-macosx10.10/debug/jeu.build/royaume.swiftdeps"
  }
}
