{
  "": {
    "swift-dependencies": "/Users/Paola/Documents/cours/IG3/semestre1/projetAlgo/Specif/progJeu/.build/x86_64-apple-macosx10.10/debug/progJeu.build/master.swiftdeps"
  },
  "/Users/Paola/Documents/cours/IG3/semestre1/projetAlgo/Specif/progJeu/Sources/progJeu/affichage.swift": {
    "dependencies": "/Users/Paola/Documents/cours/IG3/semestre1/projetAlgo/Specif/progJeu/.build/x86_64-apple-macosx10.10/debug/progJeu.build/affichage.d",
    "object": "/Users/Paola/Documents/cours/IG3/semestre1/projetAlgo/Specif/progJeu/.build/x86_64-apple-macosx10.10/debug/progJeu.build/affichage.swift.o",
    "swiftmodule": "/Users/Paola/Documents/cours/IG3/semestre1/projetAlgo/Specif/progJeu/.build/x86_64-apple-macosx10.10/debug/progJeu.build/affichage~partial.swiftmodule",
    "swift-dependencies": "/Users/Paola/Documents/cours/IG3/semestre1/projetAlgo/Specif/progJeu/.build/x86_64-apple-macosx10.10/debug/progJeu.build/affichage.swiftdeps"
  },
  "/Users/Paola/Documents/cours/IG3/semestre1/projetAlgo/Specif/progJeu/Sources/progJeu/interactionJoueur.swift": {
    "dependencies": "/Users/Paola/Documents/cours/IG3/semestre1/projetAlgo/Specif/progJeu/.build/x86_64-apple-macosx10.10/debug/progJeu.build/interactionJoueur.d",
    "object": "/Users/Paola/Documents/cours/IG3/semestre1/projetAlgo/Specif/progJeu/.build/x86_64-apple-macosx10.10/debug/progJeu.build/interactionJoueur.swift.o",
    "swiftmodule": "/Users/Paola/Documents/cours/IG3/semestre1/projetAlgo/Specif/progJeu/.build/x86_64-apple-macosx10.10/debug/progJeu.build/interactionJoueur~partial.swiftmodule",
    "swift-dependencies": "/Users/Paola/Documents/cours/IG3/semestre1/projetAlgo/Specif/progJeu/.build/x86_64-apple-macosx10.10/debug/progJeu.build/interactionJoueur.swiftdeps"
  },
  "/Users/Paola/Documents/cours/IG3/semestre1/projetAlgo/Specif/progJeu/Sources/progJeu/main.swift": {
    "dependencies": "/Users/Paola/Documents/cours/IG3/semestre1/projetAlgo/Specif/progJeu/.build/x86_64-apple-macosx10.10/debug/progJeu.build/main.d",
    "object": "/Users/Paola/Documents/cours/IG3/semestre1/projetAlgo/Specif/progJeu/.build/x86_64-apple-macosx10.10/debug/progJeu.build/main.swift.o",
    "swiftmodule": "/Users/Paola/Documents/cours/IG3/semestre1/projetAlgo/Specif/progJeu/.build/x86_64-apple-macosx10.10/debug/progJeu.build/main~partial.swiftmodule",
    "swift-dependencies": "/Users/Paola/Documents/cours/IG3/semestre1/projetAlgo/Specif/progJeu/.build/x86_64-apple-macosx10.10/debug/progJeu.build/main.swiftdeps"
  }
}
